date,cpi,cpi_mom,cpi_yoy
1948-01-01,23.68,1.1533532678342562,10.242085661080068
1948-02-01,23.67,-0.04222972972972583,9.481961147086038
1948-03-01,23.5,-0.7182087029995898,6.818181818181812
1948-04-01,23.82,1.3617021276595809,8.272727272727277
1948-05-01,24.01,0.7976490344248521,9.384965831435089
1948-06-01,24.15,0.5830903790087438,9.375
1948-07-01,24.4,1.0351966873705987,9.761583445793963
1948-08-01,24.43,0.12295081967212962,9.062499999999996
1948-09-01,24.36,-0.2865329512893977,6.654991243432562
1948-10-01,24.31,-0.20525451559935126,6.110868616324749
1948-11-01,24.16,-0.6170300287947295,4.770164787510844
1948-12-01,24.05,-0.4552980132450313,2.733874412644166
1949-01-01,24.01,-0.16632016632016633,1.3935810810810967
1949-02-01,23.91,-0.4164931278633932,1.0139416983523386
1949-03-01,23.91,0.0,1.744680851063829
1949-04-01,23.92,0.04182350480970154,0.4198152812762368
1949-05-01,23.91,-0.04180602006689238,-0.4164931278633932
1949-06-01,23.92,0.04182350480970154,-0.9523809523809379
1949-07-01,23.7,-0.9197324414715768,-2.868852459016391
1949-08-01,23.7,0.0,-2.988129349160873
1949-09-01,23.75,0.21097046413502962,-2.504105090311981
1949-10-01,23.67,-0.3368421052631465,-2.6326614561908546
1949-11-01,23.7,0.12674271229402567,-1.9039735099337762
1949-12-01,23.61,-0.37974683544304,-1.8295218295218296
1950-01-01,23.51,-0.42354934349850826,-2.082465639316955
1950-02-01,23.61,0.42535091450446316,-1.2547051442910906
1950-03-01,23.64,0.12706480304955914,-1.129234629861986
1950-04-01,23.65,0.04230118443315778,-1.1287625418060276
1950-05-01,23.77,0.5073995771670337,-0.5855290673358438
1950-06-01,23.88,0.462768195204033,-0.16722408026756952
1950-07-01,24.07,0.7956448911222935,1.561181434599157
1950-08-01,24.2,0.540091400083087,2.1097046413502074
1950-09-01,24.34,0.5785123966942196,2.4842105263158
1950-10-01,24.5,0.6573541495480617,3.50654837346851
1950-11-01,24.6,0.40816326530612734,3.797468354430378
1950-12-01,24.98,1.5447154471544655,5.80262600592969
1951-01-01,25.38,1.601281024819845,7.9540621012335055
1951-02-01,25.83,1.773049645390068,9.402795425667087
1951-03-01,25.88,0.19357336430507743,9.475465313028764
1951-04-01,25.92,0.15455950540959051,9.598308668076116
1951-05-01,25.99,0.2700617283950546,9.339503575936048
1951-06-01,25.93,-0.2308580223162715,8.584589614740379
1951-07-01,25.91,-0.07713073659852965,7.644370585791438
1951-08-01,25.86,-0.1929756850636899,6.859504132231398
1951-09-01,26.03,0.6573859242072766,6.943303204601481
1951-10-01,26.16,0.49942374183633564,6.775510204081625
1951-11-01,26.32,0.6116207951070374,6.991869918699178
1951-12-01,26.47,0.5699088145896702,5.964771817453962
1952-01-01,26.45,-0.0755572346052169,4.215918045705291
1952-02-01,26.41,-0.15122873345935206,2.245451025938827
1952-03-01,26.39,-0.07572889057174681,1.9706336939721902
1952-04-01,26.46,0.2652519893899141,2.083333333333326
1952-05-01,26.47,0.03779289493575089,1.8468641785302164
1952-06-01,26.53,0.22667170381565072,2.313922097956045
1952-07-01,26.68,0.5653976630229929,2.9718255499807
1952-08-01,26.69,0.03748125937033109,3.209590100541382
1952-09-01,26.63,-0.22480329711502822,2.3050326546292688
1952-10-01,26.69,0.22530980097634767,2.0259938837920544
1952-11-01,26.69,0.0,1.4057750759878473
1952-12-01,26.71,0.07493443237167607,0.9066868152625585
1953-01-01,26.64,-0.2620741295395024,0.7183364839319584
1953-02-01,26.59,-0.18768768768768762,0.6815600151457879
1953-03-01,26.63,0.150432493418573,0.9094353921940135
1953-04-01,26.69,0.22530980097634767,0.8692365835222926
1953-05-01,26.7,0.037467216185826935,0.86890819795995
1953-06-01,26.77,0.26217228464420206,0.9046362608367886
1953-07-01,26.79,0.07471049682479247,0.41229385307346433
1953-08-01,26.85,0.22396416573349232,0.5994754589734086
1953-09-01,26.89,0.14897579143389184,0.9763424708974844
1953-10-01,26.95,0.2231312755671233,0.9741476208317668
1953-11-01,26.85,-0.37105751391465214,0.5994754589734086
1953-12-01,26.87,0.07448789571693482,0.5990265818045737
1954-01-01,26.94,0.2605135839225836,1.1261261261261257
1954-02-01,26.99,0.18559762435039762,1.5043249341857745
1954-03-01,26.93,-0.22230455724341347,1.1265490048817162
1954-04-01,26.86,-0.25993316004455647,0.6369426751592355
1954-05-01,26.93,0.2606105733432562,0.8614232209737782
1954-06-01,26.94,0.03713330857779695,0.635039223010847
1954-07-01,26.86,-0.29695619896066283,0.26129152668905586
1954-08-01,26.85,-0.03723008190616994,0.0
1954-09-01,26.81,-0.14897579143390294,-0.2975083674228385
1954-10-01,26.72,-0.33569563595673424,-0.8534322820037077
1954-11-01,26.78,0.22455089820359042,-0.26070763500931626
1954-12-01,26.77,-0.037341299477222645,-0.37216226274656705
1955-01-01,26.77,0.0,-0.6310319227913919
1955-02-01,26.82,0.18677624206200338,-0.6298629121896937
1955-03-01,26.79,-0.11185682326622093,-0.519866320089124
1955-04-01,26.79,0.0,-0.2606105733432673
1955-05-01,26.77,-0.0746547219111604,-0.5941329372447068
1955-06-01,26.71,-0.22413149047441072,-0.8537490720118779
1955-07-01,26.76,0.18719580681392234,-0.37230081906179935
1955-08-01,26.72,-0.1494768310911887,-0.484171322160154
1955-09-01,26.85,0.48652694610780145,0.14919806042521522
1955-10-01,26.82,-0.11173184357542443,0.37425149700598404
1955-11-01,26.88,0.22371364653244186,0.37341299477220424
1955-12-01,26.87,-0.037202380952372494,0.37355248412402897
1956-01-01,26.83,-0.14886490509863348,0.22413149047439962
1956-02-01,26.86,0.1118151323145744,0.1491424310216205
1956-03-01,26.89,0.11169024571855424,0.3732736095558131
1956-04-01,26.93,0.14875418371140814,0.5225830533781339
1956-05-01,27.03,0.3713330857779473,0.9712364587224576
1956-06-01,27.15,0.443951165371792,1.647323099962561
1956-07-01,27.29,0.5156537753222779,1.9805680119581393
1956-08-01,27.31,0.07328691828507594,2.208083832335328
1956-09-01,27.35,0.1464664957890882,1.862197392923659
1956-10-01,27.51,0.5850091407678226,2.572706935123037
1956-11-01,27.51,0.0,2.34375
1956-12-01,27.63,0.4362050163576825,2.828433196873825
1957-01-01,27.67,0.1447701773434673,3.130823704808061
1957-02-01,27.8,0.46982291290205147,3.4996276991809516
1957-03-01,27.86,0.21582733812948174,3.607288955001864
1957-04-01,27.93,0.2512562814070307,3.713330857779429
1957-05-01,28.0,0.25062656641603454,3.588605253422128
1957-06-01,28.11,0.39285714285715034,3.53591160220994
1957-07-01,28.19,0.28459622909997595,3.2979113228288837
1957-08-01,28.28,0.3192621496984849,3.551812522885389
1957-09-01,28.32,0.14144271570013522,3.546617915904937
1957-10-01,28.32,0.0,2.944383860414379
1957-11-01,28.41,0.3177966101694851,3.271537622682663
1957-12-01,28.47,0.21119324181626542,3.0401737242128135
1958-01-01,28.64,0.5971197752019819,3.5056017347307566
1958-02-01,28.7,0.20949720670391248,3.237410071942448
1958-03-01,28.87,0.5923344947735165,3.6252692031586653
1958-04-01,28.94,0.24246622791825878,3.6161833154314316
1958-05-01,28.94,0.0,3.3571428571428585
1958-06-01,28.91,-0.10366275051831852,2.8459622909996485
1958-07-01,28.89,-0.06918021445866396,2.483150053210359
1958-08-01,28.94,0.1730702665282191,2.333804809052342
1958-09-01,28.91,-0.10366275051831852,2.083333333333326
1958-10-01,28.91,0.0,2.083333333333326
1958-11-01,28.95,0.13836042891732792,1.9007391763463444
1958-12-01,28.97,0.0690846286701241,1.7562346329469625
1959-01-01,29.01,0.1380738695202055,1.2918994413407825
1959-02-01,29.0,-0.03447087211306821,1.0452961672473782
1959-03-01,28.97,-0.1034482758620725,0.3463803255975062
1959-04-01,28.98,0.034518467380051376,0.13821700069107656
1959-05-01,29.04,0.20703933747412417,0.3455425017277136
1959-06-01,29.11,0.24104683195591559,0.6918021445866396
1959-07-01,29.15,0.13740982480248132,0.8999653859466772
1959-08-01,29.18,0.10291595197255976,0.8293020041465038
1959-09-01,29.25,0.23989033584648212,1.1760636457972984
1959-10-01,29.35,0.34188034188034067,1.5219647180906293
1959-11-01,29.35,0.0,1.3816925734024155
1959-12-01,29.41,0.20442930153321548,1.5188125647221273
1960-01-01,29.37,-0.13600816048963127,1.2409513960703222
1960-02-01,29.41,0.13619339462036528,1.4137931034482687
1960-03-01,29.41,0.0,1.5188125647221273
1960-04-01,29.54,0.44202652159128775,1.9323671497584405
1960-05-01,29.57,0.10155721056195333,1.8250688705234275
1960-06-01,29.61,0.1352722353736846,1.7176228100309165
1960-07-01,29.55,-0.20263424518742745,1.3722126929674117
1960-08-01,29.61,0.20304568527917954,1.473612063056895
1960-09-01,29.61,0.0,1.2307692307692353
1960-10-01,29.75,0.47281323877068626,1.3628620102214661
1960-11-01,29.78,0.10084033613446675,1.4650766609880739
1960-12-01,29.81,0.1007387508394908,1.3600816048962905
1961-01-01,29.84,0.10063737001007045,1.6002723867892366
1961-02-01,29.84,0.0,1.4620877252635056
1961-03-01,29.84,0.0,1.4620877252635056
1961-04-01,29.81,-0.10053619302949901,0.9140148950575577
1961-05-01,29.84,0.10063737001007045,0.9130875887723988
1961-06-01,29.84,0.0,0.7767646065518496
1961-07-01,29.92,0.2680965147453085,1.25211505922167
1961-08-01,29.94,0.06684491978610207,1.1144883485309176
1961-09-01,29.98,0.13360053440214514,1.249577845322536
1961-10-01,29.98,0.0,0.7731092436974896
1961-11-01,29.98,0.0,0.671591672263272
1961-12-01,30.01,0.10006671114075605,0.6709158000671067
1962-01-01,30.04,0.09996667777407708,0.6702412868632601
1962-02-01,30.11,0.23302263648468102,0.9048257372654245
1962-03-01,30.17,0.19926934573231136,1.1058981233244003
1962-04-01,30.21,0.13258203513424327,1.3418316001341912
1962-05-01,30.24,0.09930486593843213,1.3404825737265424
1962-06-01,30.21,-0.09920634920633775,1.2399463806970434
1962-07-01,30.22,0.033101621979469975,1.0026737967914423
1962-08-01,30.28,0.19854401058903015,1.135604542418167
1962-09-01,30.42,0.4623513870541718,1.4676450967311627
1962-10-01,30.38,-0.13149243918475495,1.3342228152101399
1962-11-01,30.38,0.0,1.3342228152101399
1962-12-01,30.38,0.0,1.2329223592135952
1963-01-01,30.44,0.19749835418039208,1.331557922769644
1963-02-01,30.48,0.13140604467805073,1.2288276320159497
1963-03-01,30.51,0.09842519685039353,1.1269472986410234
1963-04-01,30.48,-0.0983284169124965,0.893743793445867
1963-05-01,30.51,0.09842519685039353,0.8928571428571619
1963-06-01,30.61,0.32776138970829205,1.3240648791790655
1963-07-01,30.69,0.2613524991832872,1.5552614162806178
1963-08-01,30.75,0.19550342130987275,1.5521796565389767
1963-09-01,30.72,-0.09756097560975618,0.9861932938855844
1963-10-01,30.75,0.09765625,1.2179065174456882
1963-11-01,30.78,0.09756097560975618,1.3166556945358954
1963-12-01,30.88,0.32488628979856493,1.6458196181698526
1964-01-01,30.94,0.19430051813471572,1.6425755584756896
1964-02-01,30.91,-0.09696186166774368,1.4107611548556331
1964-03-01,30.94,0.09705596894209467,1.4093739757456536
1964-04-01,30.95,0.03232062055591456,1.5419947506561726
1964-05-01,30.98,0.09693053311794486,1.5404785316289749
1964-06-01,31.01,0.09683666881858954,1.3067624959163693
1964-07-01,31.02,0.032247662044504466,1.0752688172043001
1964-08-01,31.05,0.09671179883945502,0.9756097560975618
1964-09-01,31.08,0.09661835748790981,1.171875
1964-10-01,31.12,0.12870012870014325,1.2032520325203189
1964-11-01,31.21,0.2892030848329119,1.3970110461338558
1964-12-01,31.25,0.1281640499839698,1.1981865284974136
1965-01-01,31.28,0.09600000000000719,1.098901098901095
1965-02-01,31.28,0.0,1.1970236169524417
1965-03-01,31.31,0.09590792838873874,1.1958629605688387
1965-04-01,31.38,0.2235707441711865,1.3893376413570246
1965-05-01,31.48,0.31867431485022024,1.6139444803098701
1965-06-01,31.61,0.41296060991105055,1.9348597226700903
1965-07-01,31.58,-0.0949066751028238,1.8052869116698789
1965-08-01,31.55,-0.09499683343887622,1.6103059581320522
1965-09-01,31.62,0.22187004754359307,1.737451737451745
1965-10-01,31.65,0.0948766603415585,1.7030848329048665
1965-11-01,31.75,0.3159557661927437,1.7302146747837144
1965-12-01,31.85,0.31496062992126816,1.9200000000000106
1966-01-01,31.88,0.09419152276295417,1.9181585677749302
1966-02-01,32.08,0.6273525721455453,2.5575447570332477
1966-03-01,32.18,0.31172069825435855,2.7786649632705274
1966-04-01,32.28,0.3107520198881275,2.8680688336520044
1966-05-01,32.35,0.21685254027261625,2.763659466327839
1966-06-01,32.38,0.09273570324574987,2.4359379943056148
1966-07-01,32.45,0.21618282890674134,2.754908169727699
1966-08-01,32.65,0.6163328197226425,3.4865293185419866
1966-09-01,32.75,0.3062787136294043,3.5736875395319334
1966-10-01,32.85,0.3053435114503955,3.791469194312813
1966-11-01,32.88,0.09132420091324533,3.5590551181102548
1966-12-01,32.92,0.12165450121655041,3.3594976452119285
1967-01-01,32.9,-0.060753341433783525,3.19949811794229
1967-02-01,33.0,0.3039513677811634,2.8678304239401653
1967-03-01,33.0,0.0,2.5481665630826544
1967-04-01,33.1,0.3030303030303161,2.5402726146220633
1967-05-01,33.1,0.0,2.3183925811437467
1967-06-01,33.3,0.6042296072507503,2.8412600370598895
1967-07-01,33.4,0.30030030030030463,2.9275808936825687
1967-08-01,33.5,0.29940119760478723,2.6033690658499253
1967-09-01,33.6,0.29850746268658135,2.595419847328251
1967-10-01,33.7,0.29761904761904656,2.5875190258751957
1967-11-01,33.9,0.5934718100890191,3.10218978102188
1967-12-01,34.0,0.2949852507374784,3.280680437424044
1968-01-01,34.1,0.2941176470588225,3.647416413373872
1968-02-01,34.2,0.2932551319648091,3.6363636363636376
1968-03-01,34.3,0.29239766081869956,3.9393939393939315
1968-04-01,34.4,0.291545189504383,3.92749244712991
1968-05-01,34.5,0.29069767441860517,4.229607250755274
1968-06-01,34.7,0.5797101449275477,4.2042042042042205
1968-07-01,34.9,0.5763688760806795,4.491017964071853
1968-08-01,35.0,0.2865329512893977,4.477611940298498
1968-09-01,35.1,0.28571428571428914,4.464285714285721
1968-10-01,35.3,0.5698005698005604,4.7477744807121525
1968-11-01,35.4,0.28328611898016387,4.424778761061954
1968-12-01,35.6,0.5649717514124353,4.705882352941182
1969-01-01,35.7,0.2808988764045006,4.692082111436946
1969-02-01,35.8,0.28011204481790397,4.678362573099393
1969-03-01,36.1,0.8379888268156499,5.247813411078739
1969-04-01,36.3,0.5540166204986097,5.523255813953476
1969-05-01,36.4,0.27548209366392573,5.507246376811592
1969-06-01,36.6,0.5494505494505475,5.475504322766556
1969-07-01,36.8,0.5464480874316724,5.4441260744985565
1969-08-01,36.9,0.27173913043478937,5.428571428571427
1969-09-01,37.1,0.5420054200542035,5.698005698005693
1969-10-01,37.3,0.5390835579514697,5.665722379603411
1969-11-01,37.5,0.536193029490617,5.932203389830515
1969-12-01,37.7,0.5333333333333412,5.89887640449438
1970-01-01,37.9,0.5305039787798282,6.162464985994376
1970-02-01,38.1,0.5277044854881341,6.424581005586605
1970-03-01,38.3,0.5249343832020914,6.094182825484751
1970-04-01,38.5,0.5221932114882533,6.060606060606077
1970-05-01,38.6,0.25974025974027093,6.043956043956045
1970-06-01,38.8,0.5181347150258864,6.010928961748618
1970-07-01,38.9,0.2577319587628857,5.7065217391304435
1970-08-01,39.0,0.25706940874037354,5.691056910569103
1970-09-01,39.2,0.512820512820511,5.660377358490565
1970-10-01,39.4,0.5102040816326481,5.630026809651478
1970-11-01,39.6,0.5076142131979822,5.600000000000005
1970-12-01,39.8,0.5050505050504972,5.570291777188308
1971-01-01,39.9,0.2512562814070307,5.277044854881274
1971-02-01,39.9,0.0,4.724409448818889
1971-03-01,40.0,0.25062656641603454,4.438642297650142
1971-04-01,40.1,0.24999999999999467,4.155844155844157
1971-05-01,40.3,0.4987531172069737,4.404145077720201
1971-06-01,40.5,0.496277915632759,4.381443298969079
1971-07-01,40.6,0.24691358024691024,4.370179948586128
1971-08-01,40.7,0.24630541871921707,4.358974358974366
1971-09-01,40.8,0.24570024570023108,4.081632653061207
1971-10-01,40.9,0.2450980392156854,3.8071065989847774
1971-11-01,41.0,0.24449877750611915,3.535353535353525
1971-12-01,41.1,0.24390243902439046,3.266331658291466
1972-01-01,41.2,0.24330900243310083,3.2581453634085378
1972-02-01,41.4,0.4854368932038833,3.759398496240607
1972-03-01,41.4,0.0,3.499999999999992
1972-04-01,41.5,0.24154589371980784,3.4912718204488824
1972-05-01,41.6,0.24096385542169418,3.2258064516129226
1972-06-01,41.7,0.24038461538462563,2.9629629629629672
1972-07-01,41.8,0.23980815347719453,2.9556650246305383
1972-08-01,41.9,0.23923444976077235,2.9484029484029284
1972-09-01,42.1,0.4773269689737569,3.1862745098039325
1972-10-01,42.2,0.23752969121140222,3.1784841075794823
1972-11-01,42.4,0.4739336492890933,3.4146341463414664
1972-12-01,42.5,0.2358490566037874,3.406326034063256
1973-01-01,42.7,0.47058823529413374,3.6407766990291357
1973-02-01,43.0,0.7025761124121788,3.864734299516903
1973-03-01,43.4,0.9302325581395321,4.8309178743961345
1973-04-01,43.7,0.691244239631339,5.301204819277117
1973-05-01,43.9,0.4576659038901587,5.528846153846145
1973-06-01,44.2,0.6833712984054774,5.995203836930463
1973-07-01,44.2,0.0,5.741626794258381
1973-08-01,45.0,1.8099547511312153,7.398568019093088
1973-09-01,45.2,0.4444444444444473,7.3634204275534465
1973-10-01,45.6,0.8849557522123908,8.056872037914697
1973-11-01,45.9,0.6578947368421018,8.25471698113207
1973-12-01,46.3,0.8714596949890963,8.94117647058823
1974-01-01,46.8,1.0799136069114423,9.601873536299754
1974-02-01,47.3,1.0683760683760646,9.999999999999986
1974-03-01,47.8,1.0570824524312794,10.138248847926267
1974-04-01,48.1,0.6276150627615218,10.068649885583515
1974-05-01,48.6,1.039501039501034,10.70615034168565
1974-06-01,49.0,0.8230452674897082,10.859728506787313
1974-07-01,49.3,0.6122448979591688,11.538461538461519
1974-08-01,49.9,1.2170385395537497,10.888888888888882
1974-09-01,50.6,1.4028056112224574,11.946902654867241
1974-10-01,51.0,0.7905138339920903,11.842105263157897
1974-11-01,51.5,0.9803921568627416,12.200435729847502
1974-12-01,51.9,0.7766990291262044,12.095032397408211
1975-01-01,52.3,0.7707129094412402,11.752136752136755
1975-02-01,52.6,0.5736137667304186,11.205073995771686
1975-03-01,52.8,0.3802281368821214,10.460251046025103
1975-04-01,53.0,0.37878787878788955,10.187110187110182
1975-05-01,53.1,0.18867924528302993,9.259259259259256
1975-06-01,53.5,0.7532956685499137,9.183673469387754
1975-07-01,54.0,0.9345794392523255,9.533468559837743
1975-08-01,54.2,0.37037037037037646,8.617234468937895
1975-09-01,54.6,0.7380073800737907,7.905138339920947
1975-10-01,54.9,0.5494505494505475,7.647058823529407
1975-11-01,55.3,0.7285974499089187,7.37864077669903
1975-12-01,55.6,0.5424954792043524,7.129094412331405
1976-01-01,55.8,0.3597122302158251,6.692160611854692
1976-02-01,55.9,0.17921146953405742,6.273764258555126
1976-03-01,56.0,0.17889087656530744,6.060606060606055
1976-04-01,56.1,0.17857142857142794,5.849056603773595
1976-05-01,56.4,0.5347593582887722,6.214689265536721
1976-06-01,56.7,0.5319148936170359,5.981308411214958
1976-07-01,57.0,0.5291005291005346,5.555555555555558
1976-08-01,57.3,0.5263157894736858,5.719557195571956
1976-09-01,57.6,0.523560209424101,5.494505494505497
1976-10-01,57.9,0.5208333333333259,5.464480874316946
1976-11-01,58.1,0.3454231433505983,5.063291139240511
1976-12-01,58.4,0.5163511187607606,5.035971223021574
1977-01-01,58.7,0.5136986301369939,5.197132616487465
1977-02-01,59.3,1.0221465076660996,6.082289803220031
1977-03-01,59.6,0.5059021922428464,6.428571428571428
1977-04-01,60.0,0.6711409395973034,6.951871657754016
1977-05-01,60.2,0.33333333333334103,6.737588652482285
1977-06-01,60.5,0.4983388704318914,6.701940035273357
1977-07-01,60.8,0.49586776859502635,6.666666666666665
1977-08-01,61.1,0.49342105263159297,6.631762652705064
1977-09-01,61.3,0.3273322422258529,6.423611111111094
1977-10-01,61.6,0.4893964110930016,6.390328151986191
1977-11-01,62.0,0.6493506493506551,6.712564543889843
1977-12-01,62.3,0.4838709677419395,6.67808219178081
1978-01-01,62.7,0.6420545746388617,6.814310051107331
1978-02-01,63.0,0.4784688995215225,6.2394603709949426
1978-03-01,63.4,0.6349206349206327,6.375838926174482
1978-04-01,63.9,0.7886435331230235,6.499999999999995
1978-05-01,64.5,0.9389671361502261,7.14285714285714
1978-06-01,65.0,0.7751937984496138,7.438016528925617
1978-07-01,65.5,0.7692307692307665,7.7302631578947345
1978-08-01,65.9,0.6106870229007688,7.855973813420625
1978-09-01,66.5,0.9104704097116834,8.482871125611746
1978-10-01,67.1,0.9022556390977376,8.92857142857142
1978-11-01,67.5,0.5961251862891315,8.870967741935477
1978-12-01,67.9,0.5925925925926112,8.988764044943842
1979-01-01,68.5,0.8836524300441795,9.250398724082931
1979-02-01,69.2,1.0218978102189746,9.84126984126985
1979-03-01,69.9,1.0115606936416333,10.252365930599371
1979-04-01,70.6,1.0014306151645114,10.485133020344284
1979-05-01,71.4,1.1331444759207,10.697674418604652
1979-06-01,72.2,1.1204481792717047,11.076923076923073
1979-07-01,73.0,1.1080332409972193,11.45038167938932
1979-08-01,73.7,0.9589041095890538,11.836115326251884
1979-09-01,74.4,0.9497964721845387,11.879699248120312
1979-10-01,75.2,1.0752688172043001,12.071535022354718
1979-11-01,76.0,1.0638297872340496,12.592592592592599
1979-12-01,76.9,1.1842105263157876,13.254786450662737
1980-01-01,78.0,1.4304291287386084,13.868613138686126
1980-02-01,79.0,1.2820512820512775,14.161849710982644
1980-03-01,80.1,1.3924050632911245,14.592274678111572
1980-04-01,80.9,0.998751560549338,14.589235127478762
1980-05-01,81.7,0.9888751545117369,14.425770308123242
1980-06-01,82.5,0.9791921664626724,14.265927977839322
1980-07-01,82.6,0.12121212121212199,13.15068493150684
1980-08-01,83.2,0.7263922518159882,12.890094979647216
1980-09-01,83.9,0.8413461538461675,12.768817204301076
1980-10-01,84.7,0.9535160905840279,12.632978723404253
1980-11-01,85.6,1.0625737898465104,12.631578947368416
1980-12-01,86.4,0.9345794392523477,12.353706111833551
1981-01-01,87.2,0.92592592592593,11.794871794871797
1981-02-01,88.0,0.917431192660545,11.392405063291132
1981-03-01,88.6,0.6818181818181834,10.611735330836458
1981-04-01,89.1,0.5643340857787837,10.135970333745359
1981-05-01,89.7,0.6734006734006925,9.79192166462668
1981-06-01,90.5,0.8918617614269708,9.696969696969692
1981-07-01,91.5,1.104972375690605,10.774818401937058
1981-08-01,92.2,0.7650273224043769,10.817307692307686
1981-09-01,93.1,0.9761388286333883,10.96543504171632
1981-10-01,93.4,0.3222341568206444,10.271546635182993
1981-11-01,93.8,0.4282655246252487,9.579439252336464
1981-12-01,94.1,0.31982942430703876,8.912037037037024
1982-01-01,94.4,0.31880977683316214,8.25688073394495
1982-02-01,94.7,0.3177966101694851,7.613636363636367
1982-03-01,94.7,0.0,6.884875846501148
1982-04-01,95.0,0.31678986272438703,6.621773288439958
1982-05-01,95.9,0.9473684210526301,6.911928651059096
1982-06-01,97.0,1.147028154327412,7.182320441988943
1982-07-01,97.5,0.5154639175257714,6.557377049180335
1982-08-01,97.7,0.20512820512821328,5.965292841648595
1982-09-01,97.7,0.0,4.940923737916236
1982-10-01,98.1,0.4094165813715467,5.032119914346889
1982-11-01,98.0,-0.10193679918449883,4.47761194029852
1982-12-01,97.7,-0.3061224489795844,3.825717321997879
1983-01-01,97.9,0.20470829068577334,3.7076271186440746
1983-02-01,98.0,0.10214504596526286,3.484688489968324
1983-03-01,98.1,0.10204081632652073,3.5902851108764455
1983-04-01,98.8,0.7135575942915473,4.0000000000000036
1983-05-01,99.2,0.4048582995951566,3.44108446298228
1983-06-01,99.4,0.20161290322580072,2.4742268041237248
1983-07-01,99.8,0.4024144869215096,2.358974358974364
1983-08-01,100.1,0.30060120240480437,2.456499488229258
1983-09-01,100.4,0.29970029970030065,2.763561924257929
1983-10-01,100.8,0.3984063745019917,2.752293577981657
1983-11-01,101.1,0.29761904761904656,3.1632653061224536
1983-12-01,101.4,0.29673590504453173,3.7871033776867957
1984-01-01,102.1,0.6903353057199135,4.290091930541351
1984-02-01,102.6,0.48971596474045587,4.693877551020398
1984-03-01,102.9,0.29239766081872176,4.892966360856277
1984-04-01,103.3,0.38872691933915515,4.5546558704453455
1984-05-01,103.5,0.1936108422071703,4.3346774193548265
1984-06-01,103.7,0.19323671497584183,4.325955734406439
1984-07-01,104.1,0.38572806171648377,4.308617234468937
1984-08-01,104.4,0.2881844380403509,4.295704295704317
1984-09-01,104.7,0.2873563218390718,4.2828685258964105
1984-10-01,105.1,0.3820439350525229,4.265873015873023
1984-11-01,105.3,0.19029495718363432,4.154302670623156
1984-12-01,105.5,0.18993352326686086,4.043392504930954
1985-01-01,105.7,0.18957345971564177,3.52595494613126
1985-02-01,106.3,0.5676442762535316,3.6062378167641462
1985-03-01,106.8,0.470366886171214,3.790087463556846
1985-04-01,107.0,0.18726591760300781,3.581800580832528
1985-05-01,107.2,0.18691588785046953,3.5748792270531515
1985-06-01,107.5,0.2798507462686617,3.6644165863066513
1985-07-01,107.7,0.18604651162790198,3.458213256484166
1985-08-01,107.9,0.18570102135562205,3.3524904214559337
1985-09-01,108.1,0.1853568118628246,3.2473734479465
1985-10-01,108.5,0.37002775208141436,3.2350142721217834
1985-11-01,109.0,0.4608294930875667,3.5137701804368593
1985-12-01,109.5,0.4587155963302836,3.791469194312791
1986-01-01,109.9,0.36529680365298134,3.9735099337748325
1986-02-01,109.7,-0.18198362147406888,3.19849482596426
1986-03-01,109.1,-0.5469462169553352,2.1535580524344455
1986-04-01,108.7,-0.36663611365719273,1.5887850467289688
1986-05-01,109.0,0.2759889604415866,1.679104477611948
1986-06-01,109.4,0.3669724770642313,1.7674418604651132
1986-07-01,109.5,0.0914076782449591,1.671309192200554
1986-08-01,109.6,0.09132420091324533,1.575532900834098
1986-09-01,110.0,0.36496350364965124,1.757631822386685
1986-10-01,110.2,0.1818181818181941,1.5668202764977046
1986-11-01,110.4,0.1814882032667997,1.2844036697247763
1986-12-01,110.8,0.36231884057971175,1.187214611872145
1987-01-01,111.4,0.5415162454873723,1.364877161055511
1987-02-01,111.8,0.35906642728904536,1.9143117593436676
1987-03-01,112.2,0.3577817531305927,2.8414298808432603
1987-04-01,112.7,0.4456327985739694,3.679852805887762
1987-05-01,113.0,0.2661934338952898,3.669724770642202
1987-06-01,113.5,0.4424778761061843,3.7477148080438782
1987-07-01,113.8,0.2643171806167466,3.926940639269394
1987-08-01,114.3,0.4393673110720586,4.2883211678832245
1987-09-01,114.7,0.34995625546807574,4.2727272727272725
1987-10-01,115.0,0.2615518744550904,4.355716878402904
1987-11-01,115.4,0.3478260869565375,4.528985507246386
1987-12-01,115.6,0.17331022530329143,4.332129963898912
1988-01-01,116.0,0.34602076124568004,4.129263913824044
1988-02-01,116.2,0.17241379310344307,3.9355992844364973
1988-03-01,116.5,0.2581755593803692,3.832442067736186
1988-04-01,117.2,0.6008583690987113,3.9929015084294583
1988-05-01,117.5,0.25597269624573205,3.9823008849557473
1988-06-01,118.0,0.42553191489360653,3.96475770925111
1988-07-01,118.5,0.4237288135593209,4.130052724077338
1988-08-01,119.0,0.42194092827003704,4.111986001749779
1988-09-01,119.5,0.42016806722688926,4.184829991281602
1988-10-01,119.9,0.33472803347280866,4.260869565217407
1988-11-01,120.3,0.33361134278564464,4.246100519930662
1988-12-01,120.7,0.33250207813799726,4.4117647058823595
1989-01-01,121.2,0.41425020712511085,4.482758620689653
1989-02-01,121.6,0.3300330033003229,4.647160068846801
1989-03-01,122.2,0.49342105263159297,4.892703862660941
1989-04-01,123.1,0.7364975450081745,5.034129692832767
1989-05-01,123.7,0.4874086108854758,5.276595744680845
1989-06-01,124.1,0.3233629749393563,5.1694915254237195
1989-07-01,124.5,0.3223207091055613,5.063291139240511
1989-08-01,124.5,0.0,4.621848739495804
1989-09-01,124.8,0.24096385542169418,4.435146443514637
1989-10-01,125.4,0.48076923076922906,4.587155963302747
1989-11-01,125.9,0.3987240829345984,4.655029093931851
1989-12-01,126.3,0.3177124702144596,4.639602319801162
1990-01-01,127.5,0.9501187648456089,5.198019801980203
1990-02-01,128.0,0.39215686274509665,5.263157894736836
1990-03-01,128.6,0.46874999999999556,5.237315875613735
1990-04-01,128.9,0.2332814930015692,4.711616571892785
1990-05-01,129.1,0.15515903801395226,4.365400161681476
1990-06-01,129.9,0.6196746707978429,4.673650282030639
1990-07-01,130.5,0.4618937644341736,4.819277108433728
1990-08-01,131.6,0.8429118773946254,5.702811244979911
1990-09-01,132.5,0.6838905775075954,6.169871794871806
1990-10-01,133.4,0.6792452830188811,6.379585326953752
1990-11-01,133.7,0.2248875562218755,6.195393169181873
1990-12-01,134.2,0.37397157816005944,6.254948535233562
1991-01-01,134.7,0.37257824143070994,5.647058823529405
1991-02-01,134.8,0.07423904974017681,5.312500000000009
1991-03-01,134.8,0.0,4.821150855365497
1991-04-01,135.1,0.2225519287833766,4.809930178432875
1991-05-01,135.6,0.37009622501851247,5.034856700232382
1991-06-01,136.0,0.2949852507374784,4.695919938414161
1991-07-01,136.2,0.14705882352941124,4.367816091954024
1991-08-01,136.6,0.2936857562408246,3.7993920972644313
1991-09-01,137.0,0.2928257686676483,3.396226415094339
1991-10-01,137.2,0.14598540145984717,2.8485757121439192
1991-11-01,137.8,0.4373177842565745,3.0665669409125185
1991-12-01,138.2,0.2902757619738683,2.980625931445613
1992-01-01,138.3,0.07235890014474222,2.672605790645899
1992-02-01,138.6,0.2169197396963085,2.8189910979228294
1992-03-01,139.1,0.3607503607503615,3.189910979228472
1992-04-01,139.4,0.21567217828901697,3.1828275351591495
1992-05-01,139.7,0.21520803443326741,3.0235988200590036
1992-06-01,140.1,0.28632784538296097,3.0147058823529305
1992-07-01,140.5,0.2855103497501732,3.1571218795888534
1992-08-01,140.8,0.2135231316725994,3.0746705710102518
1992-09-01,141.1,0.21306818181816567,2.9927007299270114
1992-10-01,141.7,0.425230333097093,3.279883381924198
1992-11-01,142.1,0.2822865208186309,3.1204644412191396
1992-12-01,142.3,0.14074595355384467,2.966714905933454
1993-01-01,142.8,0.35137034434293835,3.2537960954446943
1993-02-01,143.1,0.21008403361342243,3.2467532467532534
1993-03-01,143.3,0.13976240391335715,3.0194104960460155
1993-04-01,143.8,0.34891835310537633,3.1563845050215145
1993-05-01,144.2,0.2781641168289051,3.2211882605583497
1993-06-01,144.3,0.06934812760057696,2.9978586723768963
1993-07-01,144.5,0.1386001386001201,2.8469750889679624
1993-08-01,144.8,0.20761245674740803,2.840909090909083
1993-09-01,145.0,0.13812154696131174,2.7639971651311157
1993-10-01,145.6,0.4137931034482678,2.752293577981657
1993-11-01,146.0,0.27472527472527375,2.7445460942997935
1993-12-01,146.3,0.205479452054802,2.8109627547435068
1994-01-01,146.3,0.0,2.450980392156854
1994-02-01,146.7,0.2734107997265811,2.515723270440251
1994-03-01,147.1,0.27266530334015826,2.6517794836008246
1994-04-01,147.2,0.06798096532969478,2.364394993045882
1994-05-01,147.5,0.20380434782609758,2.288488210818307
1994-06-01,147.9,0.2711864406779618,2.494802494802495
1994-07-01,148.4,0.33806626098715764,2.69896193771626
1994-08-01,149.0,0.40431266846361336,2.900552486187835
1994-09-01,149.3,0.2013422818792021,2.965517241379323
1994-10-01,149.4,0.06697923643670389,2.609890109890123
1994-11-01,149.8,0.2677376171352108,2.602739726027403
1994-12-01,150.1,0.20026702269690944,2.597402597402576
1995-01-01,150.5,0.26648900732844094,2.8708133971291794
1995-02-01,150.9,0.2657807308970028,2.862985685071595
1995-03-01,151.2,0.1988071570576455,2.7872195785180187
1995-04-01,151.8,0.3968253968254176,3.125000000000022
1995-05-01,152.1,0.19762845849802257,3.1186440677966054
1995-06-01,152.4,0.19723865877712132,3.0425963488843744
1995-07-01,152.6,0.1312335958005173,2.8301886792452713
1995-08-01,152.9,0.1965923984272644,2.6174496644295386
1995-09-01,153.1,0.1308044473512071,2.54521098459477
1995-10-01,153.5,0.2612671456564408,2.7443105756358666
1995-11-01,153.7,0.13029315960910726,2.603471295060067
1995-12-01,153.9,0.13012361743658385,2.5316455696202667
1996-01-01,154.7,0.5198180636777128,2.7906976744185963
1996-02-01,155.0,0.19392372333548735,2.717031146454607
1996-03-01,155.5,0.3225806451612856,2.8439153439153486
1996-04-01,156.1,0.38585209003214604,2.832674571805005
1996-05-01,156.4,0.19218449711724261,2.827087442472065
1996-06-01,156.7,0.19181585677747748,2.8215223097112663
1996-07-01,157.0,0.19144862795150708,2.8833551769331667
1996-08-01,157.2,0.1273885350318471,2.8122956180510084
1996-09-01,157.7,0.31806615776082126,3.0045721750489918
1996-10-01,158.2,0.3170577045022105,3.0618892508143203
1996-11-01,158.7,0.3160556257901348,3.2530904359141077
1996-12-01,159.1,0.2520478890989386,3.378817413905133
1997-01-01,159.4,0.18856065367693908,3.0381383322559907
1997-02-01,159.7,0.18820577164364583,3.0322580645161246
1997-03-01,159.8,0.06261740763933155,2.7652733118971096
1997-04-01,159.9,0.06257822277846437,2.434336963484962
1997-05-01,159.9,0.0,2.237851662404089
1997-06-01,160.2,0.18761726078797558,2.233567326100827
1997-07-01,160.4,0.12484394506866447,2.165605095541401
1997-08-01,160.8,0.24937655860348684,2.2900763358778775
1997-09-01,161.2,0.24875621890545485,2.21940393151554
1997-10-01,161.5,0.18610421836229296,2.0859671302149163
1997-11-01,161.7,0.12383900928791824,1.8903591682419618
1997-12-01,161.8,0.06184291898578831,1.6970458830924073
1998-01-01,162.0,0.12360939431395046,1.6311166875784044
1998-02-01,162.0,0.0,1.440200375704448
1998-03-01,162.0,0.0,1.3767209011263937
1998-04-01,162.2,0.12345679012344402,1.4383989993745905
1998-05-01,162.6,0.2466091245376223,1.6885553470919357
1998-06-01,162.8,0.12300123001232066,1.6229712858926382
1998-07-01,163.2,0.24570024570023108,1.74563591022443
1998-08-01,163.4,0.1225490196078427,1.6169154228855787
1998-09-01,163.5,0.0611995104039087,1.4267990074441794
1998-10-01,163.9,0.24464831804280607,1.4860681114551078
1998-11-01,164.1,0.12202562538132788,1.4842300556586308
1998-12-01,164.4,0.1828153564899626,1.606922126081578
1999-01-01,164.7,0.18248175182480342,1.6666666666666607
1999-02-01,164.7,0.0,1.6666666666666607
1999-03-01,164.8,0.06071645415908211,1.7283950617283939
1999-04-01,165.9,0.6674757281553312,2.281134401972884
1999-05-01,166.0,0.06027727546713546,2.091020910209096
1999-06-01,166.0,0.0,1.9656019656019597
1999-07-01,166.7,0.42168674698794817,2.1446078431372584
1999-08-01,167.1,0.23995200959807672,2.2643818849449104
1999-09-01,167.8,0.418910831837227,2.629969418960254
1999-10-01,168.1,0.17878426698449967,2.56253813300793
1999-11-01,168.4,0.17846519928614857,2.6203534430225606
1999-12-01,168.8,0.23752969121140222,2.676399026763998
2000-01-01,169.3,0.2962085308056972,2.792956891317555
2000-02-01,170.0,0.41346721795627595,3.2179720704310855
2000-03-01,171.0,0.588235294117645,3.762135922330101
2000-04-01,170.9,-0.05847953216373547,3.013863773357439
2000-05-01,171.2,0.17554125219425565,3.1325301204819134
2000-06-01,172.2,0.5841121495327117,3.7349397590361377
2000-07-01,172.7,0.29036004645761615,3.5992801439711952
2000-08-01,172.7,0.0,3.3512866546977715
2000-09-01,173.6,0.5211349160393786,3.45649582836709
2000-10-01,173.9,0.1728110599078514,3.4503271861986873
2000-11-01,174.2,0.17251293847038163,3.444180522565321
2000-12-01,174.6,0.22962112514350874,3.4360189573459543
2001-01-01,175.6,0.572737686139746,3.7212049616065945
2001-02-01,176.0,0.2277904328018332,3.529411764705892
2001-03-01,176.1,0.05681818181817455,2.9824561403508643
2001-04-01,176.4,0.17035775127769437,3.2182562902282053
2001-05-01,177.3,0.5102040816326481,3.5630841121495394
2001-06-01,177.7,0.2256063169768563,3.193960511033689
2001-07-01,177.4,-0.16882386043892694,2.7214823393167498
2001-08-01,177.4,0.0,2.7214823393167498
2001-09-01,178.1,0.3945885005636862,2.5921658986175045
2001-10-01,177.6,-0.28074115665356336,2.127659574468077
2001-11-01,177.5,-0.05630630630630851,1.894374282433997
2001-12-01,177.4,-0.05633802816901179,1.603665521191311
2002-01-01,177.7,0.16910935738443378,1.1958997722095743
2002-02-01,178.0,0.16882386043894915,1.1363636363636465
2002-03-01,178.5,0.2808988764045006,1.3628620102214661
2002-04-01,179.3,0.4481792717086819,1.643990929705219
2002-05-01,179.5,0.1115448968209698,1.2408347433727984
2002-06-01,179.6,0.055710306406675514,1.0692177827799743
2002-07-01,180.0,0.22271714922048602,1.465614430665152
2002-08-01,180.5,0.2777777777777768,1.747463359639223
2002-09-01,180.8,0.16620498614958734,1.516002245929271
2002-10-01,181.2,0.22123893805308104,2.0270270270270174
2002-11-01,181.5,0.16556291390728006,2.2535211267605604
2002-12-01,181.8,0.16528925619836432,2.4802705749718212
2003-01-01,182.6,0.44004400440043057,2.757456387169399
2003-02-01,183.6,0.5476451259583737,3.146067415730336
2003-03-01,183.9,0.16339869281045694,3.025210084033625
2003-04-01,183.2,-0.38064165307233333,2.175125488008911
2003-05-01,182.9,-0.16375545851528006,1.8941504178273005
2003-06-01,183.1,0.10934937124111865,1.948775055679297
2003-07-01,183.7,0.3276897870016393,2.055555555555544
2003-08-01,184.5,0.4354926510615087,2.216066481994461
2003-09-01,185.1,0.3252032520325132,2.378318584070782
2003-10-01,184.9,-0.10804970286331095,2.041942604856528
2003-11-01,185.0,0.05408328826392861,1.9283746556473913
2003-12-01,185.5,0.2702702702702675,2.0352035203520247
2004-01-01,186.3,0.43126684636118906,2.026286966046009
2004-02-01,186.7,0.21470746108425143,1.688453159041381
2004-03-01,187.1,0.2142474558114671,1.7400761283306032
2004-04-01,187.4,0.16034206306787535,2.2925764192139875
2004-05-01,188.2,0.4268943436499306,2.8977583378895444
2004-06-01,188.9,0.37194473963868546,3.1676679410158393
2004-07-01,189.1,0.10587612493382359,2.939575394665228
2004-08-01,189.2,0.052882072977267214,2.5474254742547275
2004-09-01,189.8,0.3171247357294016,2.5391680172879516
2004-10-01,190.8,0.5268703898840821,3.1909140075716547
2004-11-01,191.7,0.4716981132075304,3.621621621621607
2004-12-01,191.7,0.0,3.3423180592991875
2005-01-01,191.6,-0.052164840897228615,2.8448738593666034
2005-02-01,192.4,0.41753653444676075,3.0530262453133394
2005-03-01,193.1,0.36382536382535413,3.2068412613575736
2005-04-01,193.7,0.31071983428274663,3.3617929562433257
2005-05-01,193.6,-0.05162622612286949,2.869287991498415
2005-06-01,193.7,0.05165289256197081,2.541026998411855
2005-07-01,194.9,0.6195147134744561,3.067160232681121
2005-08-01,196.1,0.6157003591585442,3.6469344608879517
2005-09-01,198.8,1.37684854665987,4.741833508956805
2005-10-01,199.1,0.15090543259557165,4.350104821802936
2005-11-01,198.1,-0.5022601707684538,3.3385498174230532
2005-12-01,198.1,0.0,3.3385498174230532
2006-01-01,199.3,0.6057546693589266,4.018789144050117
2006-02-01,199.4,0.050175614651282174,3.63825363825363
2006-03-01,199.7,0.15045135406217547,3.4179181771103018
2006-04-01,200.7,0.5007511266900355,3.613835828600931
2006-05-01,201.3,0.2989536621823774,3.9772727272727293
2006-06-01,201.8,0.24838549428713996,4.1817243159525175
2006-07-01,202.9,0.5450941526263575,4.104669061056954
2006-08-01,203.8,0.44356826022671214,3.926568077511483
2006-09-01,202.8,-0.4906771344455385,2.012072434607637
2006-10-01,201.9,-0.4437869822485285,1.4063284781516971
2006-11-01,202.0,0.04952947003467045,1.9687026754164672
2006-12-01,203.1,0.544554455445545,2.5239777889954462
2007-01-01,203.437,0.1659281142294633,2.075765178123423
2007-02-01,204.226,0.3878350545869269,2.420260782347028
2007-03-01,205.288,0.5200121434097538,2.798197295943927
2007-04-01,205.904,0.3000662483924943,2.5929247633283525
2007-05-01,206.755,0.41329940166290324,2.709885742672613
2007-06-01,207.234,0.23167517109623503,2.692765113974227
2007-07-01,207.603,0.17805958481715844,2.3178905864958077
2007-08-01,207.667,0.030828070885302594,1.897448478900876
2007-09-01,208.547,0.42375533907650365,2.8338264299802685
2007-10-01,209.19,0.3083237831280172,3.610698365527476
2007-11-01,210.834,0.7858884267890387,4.373267326732666
2007-12-01,211.445,0.2898014551732553,4.108813392417532
2008-01-01,212.174,0.3447705076970342,4.294695655165981
2008-02-01,212.687,0.24178268779397882,4.142959270611968
2008-03-01,213.448,0.3578027806118822,3.9749035501344343
2008-04-01,213.942,0.2314381020201539,3.9037609759888126
2008-05-01,215.208,0.5917491656617146,4.088413823123993
2008-06-01,217.463,1.04782350098509,4.935966105947864
2008-07-01,219.016,0.7141444751521009,5.497512078341837
2008-08-01,218.69,-0.14884757278006422,5.308017162091239
2008-09-01,218.877,0.08550916822900323,4.953319875136075
2008-10-01,216.995,-0.8598436564828615,3.7310578899565128
2008-11-01,213.153,-1.7705477084725474,1.0999174706166848
2008-12-01,211.398,-0.8233522399403226,-0.02222800255385904
2009-01-01,211.933,0.2530771341261451,-0.11358601902212717
2009-02-01,212.705,0.3642660652187324,0.008463140671510772
2009-03-01,212.495,-0.0987282856538485,-0.4464787676623838
2009-04-01,212.709,0.10070825195886979,-0.5763244243767063
2009-05-01,213.022,0.14714939189219844,-1.015761495855172
2009-06-01,214.79,0.8299612246622345,-1.2291746182109153
2009-07-01,214.726,-0.029796545463012247,-1.9587610037622771
2009-08-01,215.445,0.33484533777929926,-1.4838355663267633
2009-09-01,215.861,0.19308872334005134,-1.377942862886472
2009-10-01,216.509,0.3001931798703783,-0.22396829420033848
2009-11-01,217.234,0.3348590589767664,1.9145871744709275
2009-12-01,217.347,0.052017639964274665,2.8141231232083674
2010-01-01,217.488,0.06487322116246474,2.6211113889767157
2010-02-01,217.281,-0.09517766497462166,2.151336357866529
2010-03-01,217.353,0.03313681361922782,2.2861714393279886
2010-04-01,217.403,0.023004053314190642,2.2067707525304403
2010-05-01,217.29,-0.05197720362644098,2.003548929218568
2010-06-01,217.199,-0.041879515854381655,1.1215605940686268
2010-07-01,217.605,0.18692535416828804,1.3407784804821077
2010-08-01,217.923,0.14613634796996067,1.1501775395112546
2010-09-01,218.275,0.1615249422961318,1.1183122472331775
2010-10-01,219.035,0.348184629481163,1.1666951489314625
2010-11-01,219.59,0.25338416234848005,1.084544776600338
2010-12-01,220.472,0.4016576346828282,1.437793022217937
2011-01-01,221.187,0.3243042200370194,1.7007834915029774
2011-02-01,221.898,0.321447463006419,2.124898173333145
2011-03-01,223.046,0.51735482068338,2.619241510354109
2011-04-01,224.093,0.46940989750992035,3.0772344447868694
2011-05-01,224.806,0.3181714734507679,3.4589718808964998
2011-06-01,224.806,0.0,3.5023181506360412
2011-07-01,225.395,0.26200368317570444,3.5798809769996165
2011-08-01,226.106,0.3154462166418792,3.75499603070808
2011-09-01,226.597,0.21715478580843772,3.812621692818685
2011-10-01,226.75,0.0675207527019328,3.5222681306640524
2011-11-01,227.169,0.18478500551268873,3.451432214581729
2011-12-01,227.223,0.023770849015480877,3.062066838419386
2012-01-01,227.842,0.27241960540966836,3.0087663379855023
2012-02-01,228.329,0.21374461249461518,2.8981784423473878
2012-03-01,228.807,0.20934703870292282,2.5828752813320977
2012-04-01,229.187,0.16607883500068255,2.2731633741348567
2012-05-01,228.713,-0.2068180132381081,1.7379429374660749
2012-06-01,228.524,-0.08263631713106845,1.653870448297634
2012-07-01,228.59,0.02888099280600187,1.4175114798464783
2012-08-01,229.918,0.580952797585188,1.6859349154821235
2012-09-01,231.015,0.47712662775423187,1.9497168982819613
2012-10-01,231.638,0.26967945804385884,2.1556780595369363
2012-11-01,231.249,-0.16793444944266378,1.7960197033926262
2012-12-01,231.221,-0.012108160467716456,1.7595049796895523
2013-01-01,231.679,0.1980788942180789,1.684061762098299
2013-02-01,232.937,0.5429926752100966,2.0181404902574807
2013-03-01,232.282,-0.28119191025899326,1.5187472411246183
2013-04-01,231.797,-0.2087979266581219,1.138808047576867
2013-05-01,231.893,0.041415548950163306,1.3903888279197085
2013-06-01,232.445,0.23804082055085551,1.7157935271568725
2013-07-01,232.9,0.19574523005443378,1.885471805415806
2013-08-01,233.456,0.23872906826962748,1.538809488600279
2013-09-01,233.544,0.037694469193350066,1.0947341081747997
2013-10-01,233.669,0.053523104853914205,0.8767991434911471
2013-11-01,234.1,0.18444894273523804,1.2328701961954458
2013-12-01,234.719,0.2644169158479315,1.5128383667573297
2014-01-01,235.288,0.24241752904536895,1.557758795574915
2014-02-01,235.547,0.11007786202441583,1.1204746347724948
2014-03-01,236.028,0.204205530106516,1.6126949139408042
2014-04-01,236.468,0.18641856050976013,2.015125303606169
2014-05-01,236.918,0.19030059035471947,2.166947687079812
2014-06-01,237.231,0.1321132206079767,2.0589816945944195
2014-07-01,237.498,0.11254852864928111,1.9742378703305974
2014-08-01,237.46,-0.01600013473797013,1.7150983482969062
2014-09-01,237.477,0.007159100480080838,1.6840509711232077
2014-10-01,237.43,-0.019791390324119806,1.6095417021513292
2014-11-01,236.983,-0.18826601524659647,1.231524989320798
2014-12-01,236.252,-0.30846094445592387,0.6531213919623191
2015-01-01,234.747,-0.6370316441765556,-0.22993097820542818
2015-02-01,235.342,0.25346436802173855,-0.08703146293520536
2015-03-01,235.976,0.26939517808124425,-0.022031284423873476
2015-04-01,236.222,0.10424788961589382,-0.10403098939391064
2015-05-01,237.001,0.3297745341246827,0.03503321824429584
2015-06-01,237.657,0.27679208104607333,0.1795718097550525
2015-07-01,238.034,0.15863197801873063,0.22568611104094582
2015-08-01,238.033,-0.000420108051790713,0.2413037985344868
2015-09-01,237.498,-0.22475875193775918,0.008842961634170088
2015-10-01,237.733,0.09894820166906904,0.12761656067050708
2015-11-01,238.017,0.11946174910508756,0.4363182169185187
2015-12-01,237.761,-0.10755534268560574,0.6387247515364791
2016-01-01,237.652,-0.04584435630738959,1.2375025026943876
2016-02-01,237.336,-0.13296753235823022,0.8472775790126619
2016-03-01,238.08,0.31347962382444194,0.8916160965521946
2016-04-01,238.992,0.38306451612901693,1.1726257503534843
2016-05-01,239.557,0.23640958693178504,1.0784764621246223
2016-06-01,240.222,0.2775957287827202,1.0792865347959424
2016-07-01,240.101,-0.05037007434789409,0.8683633430518256
2016-08-01,240.545,0.18492217858316895,1.0553158595656864
2016-09-01,241.176,0.26232097944252075,1.5486446201652182
2016-10-01,241.741,0.23426874979268764,1.685924966243646
2016-11-01,242.026,0.11789477167711837,1.6843334719788938
2016-12-01,242.637,0.2524522158776188,2.0507989115119862
2017-01-01,243.618,0.4043076694815628,2.5103933482571117
2017-02-01,244.006,0.15926573570097524,2.8103616813294208
2017-03-01,243.892,-0.04672016261895173,2.44119623655914
2017-04-01,244.193,0.12341528217407749,2.176223471915395
2017-05-01,244.004,-0.07739779600562935,1.8563431667619756
2017-06-01,244.163,0.0651628661825221,1.640565809959127
2017-07-01,244.243,0.03276499715354486,1.7251073506566073
2017-08-01,245.183,0.38486261632881824,1.92812155729698
2017-09-01,246.435,0.5106389920997767,2.1805652303711787
2017-10-01,246.626,0.07750522450138408,2.020757753132485
2017-11-01,247.284,0.2668007428251684,2.172493864295566
2017-12-01,247.805,0.21068892447551058,2.129930719552253
2018-01-01,248.859,0.42533443635115464,2.151318868063945
2018-02-01,249.529,0.26922876006090224,2.263468931091861
2018-03-01,249.577,0.0192362410782021,2.3309497646499366
2018-04-01,250.227,0.2604406656061986,2.4709963021052994
2018-05-01,250.792,0.2257949781598212,2.781921607842497
2018-06-01,251.018,0.09011451720948305,2.8075506935940187
2018-07-01,251.214,0.07808204989283585,2.854124785561929
2018-08-01,251.663,0.17873207703393845,2.6429238568742575
2018-09-01,252.182,0.2062281702117419,2.332055105808828
2018-10-01,252.772,0.2339580144498754,2.492032470218053
2018-11-01,252.594,-0.07041919199911595,2.147328577667773
2018-12-01,252.767,0.06848935445813442,2.0023809043401064
2019-01-01,252.561,-0.08149798035343991,1.4875893578291333
2019-02-01,253.319,0.3001255142321968,1.5188615351321877
2019-03-01,254.277,0.37817929172307974,1.8831863513063984
2019-04-01,255.233,0.3759679404743643,2.000583470209061
2019-05-01,255.296,0.02468332856644384,1.7959105553606136
2019-06-01,255.213,-0.03251128102280676,1.671194894390049
2019-07-01,255.802,0.23078761661827762,1.826331335037068
2019-08-01,256.036,0.09147700174354512,1.7376412106666406
2019-09-01,256.43,0.1538846099767177,1.6844977040391562
2019-10-01,257.155,0.2827282299262768,1.7339736996186295
2019-11-01,257.879,0.281542260504386,2.092290394862917
2019-12-01,258.63,0.29122185210892493,2.3195274699624457
2020-01-01,259.127,0.19216641534238743,2.599767976845202
2020-02-01,259.25,0.04746707213065804,2.3413166797595197
2020-03-01,258.076,-0.4528447444551498,1.4940399642909163
2020-04-01,256.032,-0.7920147553434065,0.3130472940411133
2020-05-01,255.802,-0.08983252093487382,0.1982013035848551
2020-06-01,257.042,0.4847499237691677,0.7166562831830481
2020-07-01,258.352,0.5096443382793581,0.9968647625897997
2020-08-01,259.316,0.3731343283582156,1.2810698495523853
2020-09-01,259.997,0.2626139536318739,1.3910228912373812
2020-10-01,260.319,0.1238475828567287,1.2303863428671624
2020-11-01,260.911,0.2274132890799363,1.1757452138405844
2020-12-01,262.045,0.4346309661148906,1.3204191315779434
2021-01-01,262.639,0.226678623900467,1.3553199782346148
2021-02-01,263.573,0.3556212139095738,1.667502410800381
2021-03-01,264.847,0.4833575517978028,2.623645747764214
2021-04-01,266.625,0.6713309948762847,4.137373453318349
2021-05-01,268.404,0.6672292545710334,4.9264665639830785
2021-06-01,270.71,0.8591526206762845,5.317418943207719
2021-07-01,271.965,0.46359572974770114,5.269167647240969
2021-08-01,272.752,0.28937547110843287,5.181323173271246
2021-09-01,273.942,0.4362937760309826,5.363523425270289
2021-10-01,276.528,0.9439954442911347,6.226591220771449
2021-11-01,278.824,0.830295666261649,6.865559520296194
2021-12-01,280.806,0.7108426821220482,7.159457345112474
2022-01-01,282.542,0.6182204083958309,7.578082463000535
2022-02-01,284.525,0.7018425579205845,7.949220898953979
2022-03-01,287.467,1.0340040418240992,8.540780148538584
2022-04-01,288.582,0.3878706077567129,8.235161744022502
2022-05-01,291.299,0.9415001628653163,8.530051713089225
2022-06-01,295.072,1.2952327333770608,8.999298141923106
2022-07-01,294.94,-0.04473484437697017,8.447778206754553
2022-08-01,295.162,0.07526954634839989,8.216255059541266
2022-09-01,296.421,0.4265454225137466,8.205751582451759
2022-10-01,297.979,0.5256037865063456,7.757261470809462
2022-11-01,298.708,0.24464811278648302,7.131380368978291
2022-12-01,298.808,0.03347750980888797,6.410831677385809
2023-01-01,300.456,0.5515247249069821,6.340296309929161
2023-02-01,301.476,0.33948398434380245,5.957648712766894
2023-03-01,301.643,0.05539412755906081,4.931348641757127
2023-04-01,302.858,0.4027940313549472,4.946947488062325
2023-05-01,303.316,0.15122598709624846,4.125314539356473
2023-06-01,304.099,0.2581466193672721,3.0592533347792994
2023-07-01,304.615,0.16968158395787025,3.28032820234625
2023-08-01,306.138,0.49997537875678955,3.7186358677607556
2023-09-01,307.374,0.4037394900339164,3.6950823322234427
2023-10-01,307.653,0.09076890042749586,3.2465375076767167
2023-11-01,308.087,0.14106802143973862,3.139855644977696
2023-12-01,308.735,0.21033019893732519,3.322200208829762
2024-01-01,309.794,0.34301261599751776,3.1079425939238847
2024-02-01,311.022,0.3963924414288167,3.16642120765831
2024-03-01,312.107,0.34884992058441533,3.4690014354717524
2024-04-01,313.016,0.2912462713108077,3.3540471111874304
2024-05-01,313.14,0.03961458839163434,3.238866396761142
2024-06-01,313.131,-0.0028741138149102063,2.9700853998204435
2024-07-01,313.566,0.1389194937581939,2.9384633061405374
2024-08-01,314.131,0.1801853517281904,2.6109140322338353
2024-09-01,314.851,0.22920373984103293,2.432541464144644
2024-10-01,315.564,0.2264563237849071,2.5714034967967203
2024-11-01,316.449,0.2804502414724075,2.7141684004842848
2024-12-01,317.603,0.36467171645351293,2.872366268806581
2025-01-01,319.086,0.46693513600313263,2.999412512831112
2025-02-01,319.775,0.2159292479143371,2.8142703731568686
2025-03-01,319.615,-0.05003518098661841,2.4055852640280317
2025-04-01,320.321,0.2208907591946696,2.3337465177498906
2025-05-01,320.58,0.08085639093282637,2.3759340869898393
2025-06-01,321.5,0.2869798490236386,2.6726833178446263
